Years,predicted_mean,% Change
2018,0.0,
2019,2664.4411746278006,inf
2020,2588.897226113436,-2.835264266058246
2021,1533.7098001095055,-40.75818133530249
2022,1914.6169184281594,24.8356708871168
2024,2626.7705106033263,37.1956178450477
2025,2626.779716307727,0.0003504571245871446
2026,2626.779716307727,0.0
2027,2626.779716307727,0.0
2028,2626.779716307727,0.0
2029,2626.779716307727,0.0
2030,2626.779716307727,0.0
2031,2626.779716307727,0.0
2032,2626.779716307727,0.0
2033,2626.779716307727,0.0
