Years,predicted_mean,% Change
2018,1088.0,
2019,663.2472176299326,-39.03977779136649
2020,793.4102622356661,19.625117323652262
2021,438.8905593112394,-44.68302463412353
2024,789.9152396877253,79.98000251528687
2025,728.330720270792,-7.7963452688011525
2026,728.330720270792,0.0
2027,728.330720270792,0.0
2028,728.330720270792,0.0
2029,728.330720270792,0.0
2030,728.330720270792,0.0
2031,728.330720270792,0.0
2032,728.330720270792,0.0
2033,728.330720270792,0.0
