Years,predicted_mean,% Change
2018,520.0,
2019,638.4510689447565,22.77905172014547
2020,569.881258124594,-10.740026002853432
2021,279.5190548630098,-50.95135155297594
2024,597.2705667183988,113.67794299788136
2025,604.5501991729418,1.218816539803691
2026,604.5501991729418,0.0
2027,604.5501991729418,0.0
2028,604.5501991729418,0.0
2029,604.5501991729418,0.0
2030,604.5501991729418,0.0
2031,604.5501991729418,0.0
2032,604.5501991729418,0.0
2033,604.5501991729418,0.0
