Years,predicted_mean,% Change
2018,1682.0,
2019,216.54305140353762,-87.12585901286934
2020,178.24326169775713,-17.68691696987641
2021,110.8247986170806,-37.82384951807963
2024,191.81505217684995,73.07954047325191
2025,197.4541645319988,2.939869572878817
2026,197.4541645319988,0.0
2027,197.4541645319988,0.0
2028,197.4541645319988,0.0
2029,197.4541645319988,0.0
2030,197.4541645319988,0.0
2031,197.4541645319988,0.0
2032,197.4541645319988,0.0
2033,197.4541645319988,0.0
