Years,predicted_mean,% Change
2018,774.0,
2019,506.9571439507813,-34.501660988271155
2020,594.6116090288972,17.290310655258455
2021,339.5913782806478,-42.888538816916345
2024,594.6064859379164,75.0946943789948
2025,550.8801889154072,-7.353821065967104
2026,550.8801889154072,0.0
2027,550.8801889154072,0.0
2028,550.8801889154072,0.0
2029,550.8801889154072,0.0
2030,550.8801889154072,0.0
2031,550.8801889154072,0.0
2032,550.8801889154072,0.0
2033,550.8801889154072,0.0
