Years,predicted_mean,% Change
2018,6.0,
2019,23.326174580911083,288.76957634851806
2020,24.967804642969753,7.037716606142941
2021,17.35042293930976,-30.508816504236947
2024,24.340937903796167,40.2901703833884
2025,24.302840323727725,-0.1565164835431454
2026,24.302840323727725,0.0
2027,24.302840323727725,0.0
2028,24.302840323727725,0.0
2029,24.302840323727725,0.0
2030,24.302840323727725,0.0
2031,24.302840323727725,0.0
2032,24.302840323727725,0.0
2033,24.302840323727725,0.0
