Years,predicted_mean,% Change
2018,0.0,
2019,4.241365064354121,inf
2020,3.8093750289818185,-10.185165125324724
2021,2.065153671891075,-45.78759885337267
2024,4.046138446627241,95.9243276517125
2025,4.050250170585328,0.10162094086312301
2026,4.050250170585328,0.0
2027,4.050250170585328,0.0
2028,4.050250170585328,0.0
2029,4.050250170585328,0.0
2030,4.050250170585328,0.0
2031,4.050250170585328,0.0
2032,4.050250170585328,0.0
2033,4.050250170585328,0.0
