Years,predicted_mean,% Change
2018,528.0,
2019,71.53955349811001,-86.45084214050947
2020,86.53165738752364,20.956384484297487
2021,41.54299213770069,-51.9909898967329
2024,86.48619972436427,108.18481114141308
2025,79.15537210510561,-8.476297539517708
2026,79.15537210510561,0.0
2027,79.15537210510561,0.0
2028,79.15537210510561,0.0
2029,79.15537210510561,0.0
2030,79.15537210510561,0.0
2031,79.15537210510561,0.0
2032,79.15537210510561,0.0
2033,79.15537210510561,0.0
