Years,predicted_mean,% Change
2018,46.0,
2019,54.53958152846697,18.56430767058037
2020,64.51646912336356,18.292930226626613
2021,31.174551737256735,-51.679699523470376
2024,64.04974218634023,105.45521464481658
2025,59.6165186173604,-6.921532261725938
2026,59.6165186173604,0.0
2027,59.6165186173604,0.0
2028,59.6165186173604,0.0
2029,59.6165186173604,0.0
2030,59.6165186173604,0.0
2031,59.6165186173604,0.0
2032,59.6165186173604,0.0
2033,59.6165186173604,0.0
