Years,predicted_mean,% Change
2018,164.0,
2019,233.35010457468846,42.286649130907605
2020,186.48839175163965,-20.08214777039011
2021,117.83706326982707,-36.81265511326872
2024,210.1954081417361,78.37800969328634
2025,210.19564450812146,0.00011245078446187051
2026,210.19564450812146,0.0
2027,210.19564450812146,0.0
2028,210.19564450812146,0.0
2029,210.19564450812146,0.0
2030,210.19564450812146,0.0
2031,210.19564450812146,0.0
2032,210.19564450812146,0.0
2033,210.19564450812146,0.0
