Years,predicted_mean,% Change
2018,45.0,
2019,0.0,-100.0
2020,0.0,
2021,0.0,
2024,-0.10157281794033782,-inf
2025,-0.07107050761895062,-30.02999320084213
2026,-0.07107050761895062,0.0
2027,-0.07107050761895062,0.0
2028,-0.07107050761895062,0.0
2029,-0.07107050761895062,0.0
2030,-0.07107050761895062,0.0
2031,-0.07107050761895062,0.0
2032,-0.07107050761895062,0.0
2033,-0.07107050761895062,0.0
