Years,predicted_mean,% Change
2018,71.0,
2019,0.0,-100.0
2020,0.0,
2021,0.0,
2024,0.18961220296946446,inf
2025,0.1893760854220821,-0.12452655666913559
2026,0.1893760854220821,0.0
2027,0.1893760854220821,0.0
2028,0.1893760854220821,0.0
2029,0.1893760854220821,0.0
2030,0.1893760854220821,0.0
2031,0.1893760854220821,0.0
2032,0.1893760854220821,0.0
2033,0.1893760854220821,0.0
