Years,predicted_mean,% Change
2018,0.0,
2019,0.0,
2020,0.0,
2021,0.0,
2024,-0.07885353286081212,-inf
2025,-0.07762457453513025,-1.5585329928732072
2026,-0.07762457453513025,0.0
2027,-0.07762457453513025,0.0
2028,-0.07762457453513025,0.0
2029,-0.07762457453513025,0.0
2030,-0.07762457453513025,0.0
2031,-0.07762457453513025,0.0
2032,-0.07762457453513025,0.0
2033,-0.07762457453513025,0.0
