Years,predicted_mean,% Change
2018,106.0,
2019,0.0,-100.0
2020,0.0,
2021,0.0,
2024,-0.37260431362394997,-inf
2025,-0.013204407792411693,-96.45618493678036
2026,-0.013204407792411693,0.0
2027,-0.013204407792411693,0.0
2028,-0.013204407792411693,0.0
2029,-0.013204407792411693,0.0
2030,-0.013204407792411693,0.0
2031,-0.013204407792411693,0.0
2032,-0.013204407792411693,0.0
2033,-0.013204407792411693,0.0
