Years,predicted_mean,% Change
2018,0.0,
2019,-0.02054905289059425,-inf
2020,0.04318199994456441,-310.14107158354614
2021,-0.022041006735663005,-151.04211653920268
2024,-0.17171370653909557,679.0647160470111
2025,-0.1717121377215527,-0.0009136239467966156
2026,-0.1717121377215527,0.0
2027,-0.1717121377215527,0.0
2028,-0.1717121377215527,0.0
2029,-0.1717121377215527,0.0
2030,-0.1717121377215527,0.0
2031,-0.1717121377215527,0.0
2032,-0.1717121377215527,0.0
2033,-0.1717121377215527,0.0
