Years,predicted_mean,% Change
2018,0.0,
2019,0.0,
2020,0.0,
2021,0.0,
2024,-0.3378694923012597,-inf
2025,-0.33783014227715036,-0.011646515890295639
2026,-0.33783014227715036,0.0
2027,-0.33783014227715036,0.0
2028,-0.33783014227715036,0.0
2029,-0.33783014227715036,0.0
2030,-0.33783014227715036,0.0
2031,-0.33783014227715036,0.0
2032,-0.33783014227715036,0.0
2033,-0.33783014227715036,0.0
