Years,predicted_mean,% Change
2018,33.0,
2019,0.0,-100.0
2020,0.0,
2021,0.0,
2024,-0.07708430132396951,-inf
2025,-0.0771972644754789,0.14654495087738084
2026,-0.0771972644754789,0.0
2027,-0.0771972644754789,0.0
2028,-0.0771972644754789,0.0
2029,-0.0771972644754789,0.0
2030,-0.0771972644754789,0.0
2031,-0.0771972644754789,0.0
2032,-0.0771972644754789,0.0
2033,-0.0771972644754789,0.0
