Years,predicted_mean,% Change
2018,0.0,
2019,-0.055894091852858985,-inf
2020,0.08106275531817081,-245.02920189054728
2021,-0.036078652263899655,-144.50706384490778
2024,0.4443248586402069,-1331.5450571439414
2025,0.1547683428713082,-65.1677506082026
2026,0.1547683428713082,0.0
2027,0.1547683428713082,0.0
2028,0.1547683428713082,0.0
2029,0.1547683428713082,0.0
2030,0.1547683428713082,0.0
2031,0.1547683428713082,0.0
2032,0.1547683428713082,0.0
2033,0.1547683428713082,0.0
