Years,predicted_mean,% Change
2018,0.0,
2019,0.0,
2020,0.0,
2021,0.0,
2024,0.3708401578124001,inf
2025,0.22416360700332882,-39.552499296279485
2026,0.22416360700332882,0.0
2027,0.22416360700332882,0.0
2028,0.22416360700332882,0.0
2029,0.22416360700332882,0.0
2030,0.22416360700332882,0.0
2031,0.22416360700332882,0.0
2032,0.22416360700332882,0.0
2033,0.22416360700332882,0.0
