Years,predicted_mean,% Change
2018,25.0,
2019,0.0,-100.0
2020,0.0,
2021,0.0,
2024,-0.6173409464120954,-inf
2025,-0.3877524192386647,-37.18990753938631
2026,-0.3877524192386647,0.0
2027,-0.3877524192386647,0.0
2028,-0.3877524192386647,0.0
2029,-0.3877524192386647,0.0
2030,-0.3877524192386647,0.0
2031,-0.3877524192386647,0.0
2032,-0.3877524192386647,0.0
2033,-0.3877524192386647,0.0
