Years,predicted_mean,% Change
2018,0.0,
2019,23.082692815108068,inf
2020,20.864369443504,-9.610331816018158
2021,18.06275915558464,-13.427725652124245
2024,21.881024343339725,21.138881135856558
2025,21.965842817232563,0.387634840864548
2026,21.965842817232563,0.0
2027,21.965842817232563,0.0
2028,21.965842817232563,0.0
2029,21.965842817232563,0.0
2030,21.965842817232563,0.0
2031,21.965842817232563,0.0
2032,21.965842817232563,0.0
2033,21.965842817232563,0.0
