Years,predicted_mean,% Change
2018,0.0,
2019,20.986071047846526,inf
2020,20.019481168730014,-4.605863941434141
2021,19.991303690557825,-0.14075029185173227
2024,20.282065497403483,1.4544414478731005
2025,20.284542247662337,0.012211528747751998
2026,20.284542247662337,0.0
2027,20.284542247662337,0.0
2028,20.284542247662337,0.0
2029,20.284542247662337,0.0
2030,20.284542247662337,0.0
2031,20.284542247662337,0.0
2032,20.284542247662337,0.0
2033,20.284542247662337,0.0
