Years,predicted_mean,% Change
2018,0.0,
2019,0.0,
2020,0.0,
2021,0.0,
2024,-0.22499654943921132,-inf
2025,-0.3433538821565253,52.604065712257196
2026,-0.3433538821565253,0.0
2027,-0.3433538821565253,0.0
2028,-0.3433538821565253,0.0
2029,-0.3433540143377798,3.849709042658134e-05
2030,-0.3433537499752708,-7.699415121020792e-05
2031,-0.3433538821565253,3.8497105236956486e-05
2032,-0.3433538821565253,0.0
2033,-0.3433538821565253,0.0
