Years,predicted_mean,% Change
2018,0.0,
2019,40.48995941359854,inf
2020,30.227714199082797,-25.345160536439494
2021,20.354985833059864,-32.66118073301918
2024,35.56660034961237,74.73163892772811
2025,35.623477915838215,0.1599184787602681
2026,35.623477915838215,0.0
2027,35.623477915838215,0.0
2028,35.623477915838215,0.0
2029,35.623477915838215,0.0
2030,35.623477915838215,0.0
2031,35.623477915838215,0.0
2032,35.623477915838215,0.0
2033,35.623477915838215,0.0
